Domain,Product Group,Title,Description,Status,Product Status Notes,Division,Operating Entity,Executive Sponsor Name,Data Consumers,D&A Product Owner Name,D&A Product Owner Email,Tech Delivery Mgr,Regulatory/Compliance/Contractual,Asset Type,BI Platform,Url,DB Server,DB/Data Mart,Database Table,Source Rep,dataSecurityClassification,accessGroupName,accessGroupDN,Data Source,Automation Classification,user_visibility_string,Default AD Group Names,PHI,PII,Has RLS,Epic Security Group tag,Refresh Frequency,Keep Long Term,Potential to Consolidate,Potential to Automate,Last Modified Date,Business Value by executive sponsor,Development Effort,Estimated development hours,Resources - Development,Resources - Analysts,Resources - Platform,Resources - Data Engineering,Product Impact Category,Id,Tags,Dependencies,Executive Sponsor Email
Missing Data,Test Group,Import Test 001,Upload test row 001,Missing Data,,Missing Data,Missing Data,Missing Data,Analysts,,,,,Missing Data,,http://example.com/mp/import-test-001,,,,,,,,Missing Data,,Public,,Missing Data,Missing Data,Missing Data,,Missing Data,,,,,,,,,,,,,,,,
Missing Data,Test Group,Import Test 002,Upload test row 002,Missing Data,,Missing Data,Missing Data,Missing Data,Finance,,,,,Missing Data,,http://example.com/mp/import-test-002,,,,,,,,Missing Data,,Internal,,Missing Data,Missing Data,Missing Data,,Missing Data,,,,,,,,,,,,,,,,
Missing Data,Test Group,Import Test 003,Upload test row 003,Missing Data,,Missing Data,Missing Data,Missing Data,Operations,,,,,Missing Data,,http://example.com/mp/import-test-003,,,,,,,,Missing Data,,Public,,Missing Data,Missing Data,Missing Data,,Missing Data,,,,,,,,,,,,,,,,
Missing Data,Test Group,Import Test 004,Upload test row 004,Missing Data,,Missing Data,Missing Data,Missing Data,Clinical,,,,,Missing Data,,http://example.com/mp/import-test-004,,,,,,,,Missing Data,,Restricted,,Missing Data,Missing Data,Missing Data,,Missing Data,,,,,,,,,,,,,,,,
Missing Data,Test Group,Import Test 005,Upload test row 005,Missing Data,,Missing Data,Missing Data,Missing Data,All Users,,,,,Missing Data,,http://example.com/mp/import-test-005,,,,,,,,Missing Data,,Public,,Missing Data,Missing Data,Missing Data,,Missing Data,,,,,,,,,,,,,,,,
Missing Data,Test Group,Import Test 006,Upload test row 006,Missing Data,,Missing Data,Missing Data,Missing Data,Analysts,,,,,Missing Data,,http://example.com/mp/import-test-006,,,,,,,,Missing Data,,Internal,,Missing Data,Missing Data,Missing Data,,Missing Data,,,,,,,,,,,,,,,,
Missing Data,Test Group,Import Test 007,Upload test row 007,Missing Data,,Missing Data,Missing Data,Missing Data,Finance,,,,,Missing Data,,http://example.com/mp/import-test-007,,,,,,,,Missing Data,,Public,,Missing Data,Missing Data,Missing Data,,Missing Data,,,,,,,,,,,,,,,,
Missing Data,Test Group,Import Test 008,Upload test row 008,Missing Data,,Missing Data,Missing Data,Missing Data,Operations,,,,,Missing Data,,http://example.com/mp/import-test-008,,,,,,,,Missing Data,,Internal,,Missing Data,Missing Data,Missing Data,,Missing Data,,,,,,,,,,,,,,,,
Missing Data,Test Group,Import Test 009,Upload test row 009,Missing Data,,Missing Data,Missing Data,Missing Data,Clinical,,,,,Missing Data,,http://example.com/mp/import-test-009,,,,,,,,Missing Data,,Restricted,,Missing Data,Missing Data,Missing Data,,Missing Data,,,,,,,,,,,,,,,,
Missing Data,Test Group,Import Test 010,Upload test row 010,Missing Data,,Missing Data,Missing Data,Missing Data,All Users,,,,,Missing Data,,http://example.com/mp/import-test-010,,,,,,,,Missing Data,,Public,,Missing Data,Missing Data,Missing Data,,Missing Data,,,,,,,,,,,,,,,,
